,importer,baseline_supply,imports_china,after_shock_imports,new_baseline_supply,absolute_loss,loss_percent,absolute_loss_100m,supply_concentration,vulnerability_type,china_share,china_loss,replacement,adjusted_loss,Region Name
0,AGO,41744845.900000006,1056009.2,633605.5199999999,41322442.220000006,422403.6799999997,0.01011870258215517,0.0,0.8734551035003857,Concentrated but safe,0.02529675645538794,0.010118702582155177,0.001280470170969207,0.00883823241118597,Africa
1,ALB,115739634.737,104058057.447,62434834.4682,74116411.7582,41623222.9788,0.3596280830968767,0.42,0.8109697142629653,Highly vulnerable,0.8990702077421918,0.35962808309687677,0.06798059930686469,0.2916474837900121,Europe
2,ARG,120587760.07,113225139.3,67935083.58,75297704.35,45290055.72,0.37557755193155234,0.45,0.8821622891637971,Highly vulnerable,0.938943879828881,0.3755775519315524,0.04425719896107924,0.33132035297047313,Americas
3,ARM,132731619.4,131496898.14,78898138.884,80132860.14400001,52598759.256,0.3962790440873653,0.53,0.9815080965205052,Highly vulnerable,0.9906976102184134,0.39627904408736536,0.007327953834210028,0.38895109025315533,Asia
4,ATG,1017195.421,163104.918,97862.9508,951953.4538,65241.967199999955,0.064139068907586,0.0,0.5448132903348923,Concentrated but safe,0.16034767226896512,0.06413906890758606,0.029195251737027708,0.03494381717055835,Americas
5,AUS,1812788174.6880002,1662193095.131,997315857.0785999,1147910936.6356,664877238.0524001,0.36677050707638936,6.65,0.8416282271834482,Highly vulnerable,0.9169262676909733,0.36677050707638936,0.05808609542251344,0.30868441165387595,Oceania
6,AUT,823910774.886,289964463.783,173978678.26979998,707924989.3728,115985785.51320004,0.14077469193099015,1.16,0.29841206091153316,Resilient,0.35193672982747526,0.1407746919309901,0.09876582598767716,0.042008865943312934,Europe
7,AZE,9557590.52,7106144.6,4263686.76,6715132.68,2842457.84,0.2974031827427568,0.03,0.5620096731278045,Highly vulnerable,0.743507956856892,0.2974031827427568,0.13025971722233134,0.16714346552042544,Asia
8,BEL,359328736.837,141624683.234,84974809.94039999,302678863.5434,56649873.29360002,0.15765472528654936,0.57,0.23836626685480633,Resilient,0.3941368132163732,0.1576547252865493,0.12007515696797451,0.0375795683185748,Europe
9,BEN,13519435.277999999,4516633.032,2709979.8192,11712782.0652,1806653.2127999999,0.13363377801289844,0.02,0.4015056423139568,Resilient,0.3340844450322461,0.13363377801289844,0.07997906213698894,0.0536547158759095,Africa
10,BFA,65632048.822000004,44811716.92,26887030.152,47707362.054000005,17924686.768,0.2731087493034593,0.18,0.49139799817001045,China dependent,0.6827718732586483,0.27310874930345935,0.13890365661302417,0.13420509269043518,Africa
11,BGR,750809405.4169999,592215996.443,355329597.86579996,513923006.83979994,236886398.5772,0.3155080328883642,2.37,0.6270278676858553,Highly vulnerable,0.7887700822209105,0.3155080328883642,0.1176757037886145,0.1978323290997497,Europe
12,BHR,7205308.8379999995,6805703.251,4083421.9506,4483027.537599999,2722281.3004,0.37781604669642893,0.03,0.8925361905690379,Highly vulnerable,0.9445401167410724,0.377816046696429,0.04060155164214453,0.33721449505428447,Asia
13,BHS,9273058.0,2646924.0,1588154.4,8214288.4,1058769.5999999996,0.1141769629824379,0.01,0.5293333031688421,Resilient,0.28544240745609484,0.11417696298243794,0.05373929402115746,0.060437668961280486,Americas
14,BIH,155510080.801,141134240.539,84680544.3234,99056384.5854,56453696.2156,0.3630227437656696,0.56,0.8255547063332628,Highly vulnerable,0.9075568594141741,0.3630227437656697,0.06332760914390695,0.2996951346217627,Europe
15,BLZ,4792423.08,3507958.08,2104774.8479999998,3389239.8479999998,1403183.2320000003,0.292792019522617,0.01,0.5899840907657014,Highly vulnerable,0.7319800488065423,0.29279201952261696,0.12004938610111232,0.17274263342150464,Americas
16,BMU,1698180.1700000002,556.44,333.86400000000003,1697957.5940000003,222.57599999988452,0.00013106736489561322,0.0,0.9820388975927358,Concentrated but safe,0.0003276684122392031,0.00013106736489568125,2.3541143631415995e-06,0.00012871325053253965,Americas
17,BOL,6691976.0,5649568.0,3389740.8,4432148.8,2259827.2,0.33769206584124034,0.02,0.7170852911411792,Highly vulnerable,0.8442301646031007,0.33769206584124034,0.09553805249140825,0.2421540133498321,Americas
18,BRA,6562432748.0,6207360570.0,3724416342.0,4079488520.0,2482944228.0,0.37835728354804316,24.83,0.8950570404885628,Highly vulnerable,0.9458932088701079,0.37835728354804316,0.039705933088239644,0.3386513504598035,Americas
19,BRB,6773050.0,2154306.5,1292583.9,5911327.4,861722.5999999996,0.12722814684669384,0.01,0.2527863676524259,Resilient,0.3180703671167347,0.1272281468466939,0.0950666057421687,0.032161541104525196,Americas
20,BRN,3601223.278,3374975.046,2024985.0276,2251233.2595999995,1349990.0184000004,0.37486984676766283,0.01,0.8794640163824468,Highly vulnerable,0.9371746169191568,0.3748698467676628,0.0451853057087017,0.32968454105896106,Asia
21,CAF,1835327.6900000002,1647186.99,988312.1939999999,1176452.894,658874.7960000001,0.3589957257169699,0.01,0.8082834908244655,Highly vulnerable,0.8974893142924247,0.3589957257169699,0.06882540734339514,0.29017031837357476,Africa
22,CAN,1035990966.127,193772321.211,116263392.72659999,958482037.6426,77508928.48439991,0.07481622042918303,0.78,0.11427656508449437,Resilient,0.18704055107295775,0.07481622042918311,0.0662664797459317,0.008549740683251414,Americas
23,CHE,1184005432.841,463172739.562,277903643.73719996,998736337.0162001,185269095.8248,0.15647655887883055,1.85,0.2089924250443671,Resilient,0.39119139719707635,0.15647655887883055,0.12377414337614606,0.03270241550268449,Europe
24,CHL,87546722.563,78233183.352,46939910.011199996,56253449.22219999,31293273.340800002,0.35744654311051877,0.31,0.8000990703367583,Highly vulnerable,0.8936163577762968,0.3574465431105187,0.0714538962727047,0.285992646837814,Americas
25,CHN,23866558069.0,8914592110.0,5348755266.0,20300721225.0,3565836844.0,0.14940725150609901,35.66,0.18965553197853038,Resilient,0.37351812876524754,0.14940725150609901,0.12107133974025973,0.028335911765839286,Asia
26,CIV,28111446.832000002,25368407.151,15221044.2906,17964083.971600004,10147362.860399999,0.3609690714619849,0.1,0.8162673849344897,Highly vulnerable,0.9024226786549625,0.36096907146198504,0.06632179145747957,0.29464728000450546,Africa
27,COL,387621597.15999997,375498506.88,225299104.128,237422194.40799996,150199402.752,0.3874897679914405,1.5,0.9385191684993176,Highly vulnerable,0.9687244199786013,0.3874897679914405,0.02382319313412027,0.36366657485732024,Americas
28,CPV,5392109.919000001,119865.592,71919.3552,5344163.682200001,47946.23680000007,0.008891924964484401,0.0,0.37738081397918055,Resilient,0.022229812411210973,0.008891924964484389,0.005536283083545474,0.003355641880938915,Africa
29,CRI,118124029.01,8174211.76,4904527.056,114854344.306,3269684.704000011,0.027680098041044723,0.03,0.7499295950420272,Concentrated but safe,0.06920024510261157,0.027680098041044626,0.00692197332640042,0.020758124714644208,Americas
30,CYM,5816230.59,90282.26,54169.35599999999,5780117.686,36112.9040000001,0.006208987666701175,0.0,0.7597997390233772,Concentrated but safe,0.015522469166752895,0.006208987666701159,0.0014914004579422509,0.004717587208758908,Americas
31,CYP,60383085.599,24432491.862,14659495.1172,50610088.854200006,9772996.744799994,0.16184990627510834,0.1,0.23417306496250978,Resilient,0.4046247656877711,0.16184990627510845,0.12394901765877137,0.037900888616337086,Asia
32,CZE,1486296480.0,536242958.0,321745774.8,1271799296.8,214497183.20000005,0.14431655197084234,2.14,0.1934147649865592,Resilient,0.3607913799271058,0.14431655197084234,0.11640359998773131,0.02791295198311103,Europe
33,DEU,14914126066.885,6665606731.326,3999364038.7956,12247883374.354599,2666242692.530401,0.1787729754042021,26.66,0.2385389926985801,Resilient,0.446932438510505,0.178772975404202,0.13612864992955562,0.04264432547464639,Europe
34,DNK,257222068.803,121850990.348,73110594.2088,208481672.6638,48740396.1392,0.18948761420828578,0.49,0.31789451676692776,Resilient,0.4737190355207144,0.18948761420828578,0.1292505406562247,0.060237073552061066,Europe
35,DOM,400661132.828,315110272.104,189066163.26239997,274617023.9864,126044108.8416,0.31459030715542236,1.26,0.6494988834193571,Highly vulnerable,0.7864757678885558,0.31459030715542236,0.11026425392342294,0.20432605323199943,Americas
36,DZA,84560434.0,80858222.0,48514933.199999996,52217145.199999996,32343288.800000004,0.38248726112261916,0.32,0.9146035091674448,Highly vulnerable,0.9562181528065478,0.3824872611226191,0.032663069888026884,0.34982419123459224,Africa
37,ECU,30315396.876,23905969.044,14343581.4264,20753009.2584,9562387.617599998,0.3154300653464418,0.1,0.6302287640025521,Highly vulnerable,0.7885751633661048,0.3154300653464419,0.11663696513390957,0.19879310021253233,Americas
38,EGY,213919904.23000002,188386283.279,113031769.9674,138565390.9184,75354513.31160003,0.35225573600940474,0.75,0.7778855087987986,Highly vulnerable,0.8806393400235115,0.35225573600940463,0.07824110357643363,0.274014632432971,Africa
39,ESP,4257887912.979,2824339952.92,1694603971.752,3128151931.811,1129735981.1680002,0.26532778792140366,11.3,0.4657571714767997,Resilient,0.6633194698035091,0.26532778792140366,0.14174946790493453,0.12357832001646912,Europe
40,EST,219443780.72,118972645.18,71383587.108,171854722.648,47589058.072,0.2168621863689152,0.48,0.3339229375655751,Resilient,0.542155465922288,0.21686218636891522,0.14444692804971382,0.0724152583192014,Europe
41,FIN,169082941.943,81716176.252,49029705.7512,136396471.44219998,32686470.500800014,0.19331619219057022,0.33,0.25772548680725443,Resilient,0.48329048047642537,0.19331619219057017,0.1434936824505307,0.04982250974003946,Europe
42,FJI,3640391.9000000004,2694608.72,1616765.232,2562548.4120000005,1077843.488,0.29607897105803355,0.01,0.5902257633429644,Highly vulnerable,0.740197427645084,0.2960789710580336,0.12132553435550626,0.17475343670252735,Oceania
43,FRA,3818937322.4300003,2462965997.577,1477779598.5462,2833750923.3992004,985186399.0307999,0.2579739639203932,9.85,0.4271032857208337,Resilient,0.6449349098009831,0.25797396392039323,0.14779243629956548,0.11018152762082775,Europe
44,GBR,2651403028.179,1646867825.399,988120695.2393999,1992655898.0194,658747130.1596,0.24845228098424238,6.59,0.3968820161138469,Resilient,0.621130702460606,0.2484522809842424,0.1498460387991323,0.0986062421851101,Europe
45,GEO,31054559.366,22294147.057,13376488.234199999,22136900.5432,8917658.8228,0.2871610161232387,0.09,0.5268719997010579,China dependent,0.7179025403080967,0.2871610161232387,0.13586391732220018,0.1512970988010385,Asia
46,GMB,655601.7420000001,168142.583,100885.54980000001,588344.7088000001,67257.03319999995,0.10258824663098583,0.0,0.40398146963984066,Resilient,0.2564706165774648,0.10258824663098592,0.06114449598922579,0.04144375064176013,Africa
47,GRC,1983451037.939,1673221551.212,1003932930.7271999,1314162417.4541998,669288620.4848001,0.33743642151119424,6.69,0.7169905152530359,Highly vulnerable,0.8435910537779855,0.33743642151119424,0.09549770778674246,0.24193871372445178,Europe
48,GRD,2324199.272,1280059.2719999999,768035.5631999999,1812175.5631999997,512023.70880000014,0.22030112261389614,0.01,0.36430742790453413,Resilient,0.5507528065347401,0.22030112261389606,0.14004378726994618,0.08025733534394988,Americas
49,GTM,49391226.0,44808521.0,26885112.599999998,31467817.599999998,17923408.400000002,0.3628864851421182,0.18,0.8256245232602635,Highly vulnerable,0.9072162128552954,0.3628864851421182,0.06327850384906418,0.299607981293054,Americas
50,GUY,28883724.241999995,26225436.194,15735261.716399997,18393549.764399994,10490174.4776,0.36318635331472165,0.1,0.8266013622079936,Highly vulnerable,0.9079658832868039,0.3631863533147216,0.06297601892941906,0.30021033438530254,Americas
51,HKG,15602349909.18,9135619796.736,5481371878.0416,11948101990.4856,3654247918.694401,0.23421138097565292,36.54,0.3680848625850615,Resilient,0.5855284524391322,0.2342113809756529,0.14800171699337222,0.08620966398228067,Asia
52,HND,14301162.65,11875094.07,7125056.442,9551125.022,4750037.6280000005,0.33214345883969093,0.05,0.6956149860978199,Highly vulnerable,0.8303586470992272,0.33214345883969093,0.1010994913364375,0.23104396750325343,Americas
53,HRV,103026776.0,50312631.0,30187578.599999998,82901723.6,20125052.400000006,0.19533807793810812,0.2,0.28243208450305635,Resilient,0.4883451948452701,0.19533807793810806,0.14016833740322773,0.05516974053488033,Europe
54,HUN,2331066513.378,284884913.838,170930948.3028,2217112547.8427997,113953965.53520012,0.0488849052059295,1.14,0.2956447853024338,Resilient,0.12221226301482363,0.04888490520592945,0.03443233790179261,0.01445256730413684,Europe
55,IDN,1161869146.0,434998682.0,260999209.2,987869673.2,173999472.79999995,0.14975823516704345,1.74,0.20121223033283475,Resilient,0.37439558791760874,0.1497582351670435,0.11962504665837352,0.030133188508669986,Asia
56,IND,6147527492.924999,4448889141.351,2669333484.8106,4367971836.3846,1779555656.5403996,0.28947502204560055,17.8,0.5359382710025812,China dependent,0.7236875551140015,0.2894750220456006,0.13433427923204735,0.15514074281355325,Asia
57,IRL,339320704.281,95955648.222,57573388.9332,300938444.9922,38382259.2888,0.11311499358734882,0.38,0.2195713874574116,Resilient,0.28278748396837206,0.11311499358734883,0.08827817750313843,0.0248368160842104,Europe
58,ISL,3149226.321,128380.535,77028.321,3097874.107,51352.21400000015,0.01630629518671553,0.0,0.4721392155689931,Resilient,0.0407657379667887,0.016306295186715482,0.008607453768423187,0.007698841418292295,Europe
59,ISR,494091000.0,129688000.0,77812800.0,442215800.0,51875200.0,0.10499118583418844,0.52,0.1713544611168992,Resilient,0.2624779645854711,0.10499118583418846,0.08700047776354687,0.017990708070641584,Asia
60,ITA,1941544185.819,328937547.413,197362528.44779998,1809969166.8538,131575018.96519995,0.06776823310343451,1.32,0.15508884918190638,Resilient,0.16942058275858632,0.06776823310343454,0.05725813582033171,0.010510097283102829,Europe
61,JAM,17478138.58,12198907.62,7319344.572,12598575.531999998,4879563.048,0.27918093369414176,0.05,0.5024976887204272,China dependent,0.6979523342353543,0.2791809336941417,0.13889315977802466,0.14028777391611705,Americas
62,JOR,87390306.61,42399715.154,25439829.0924,70430420.5484,16959886.0616,0.19407056365287192,0.17,0.4125028391021149,Resilient,0.48517640913217985,0.19407056365287195,0.11401590515991458,0.08005465849295737,Asia
63,JPN,3305534261.095,1538004772.055,922802863.233,2690332352.273,615201908.822,0.18611270077055764,6.15,0.2535682820707106,Resilient,0.4652817519263941,0.18611270077055764,0.13892042296462712,0.04719227780593052,Asia
64,KAZ,32798069.0,20258518.52,12155111.112,24694661.592,8103407.408,0.24706964937478484,0.08,0.4171895077485647,Resilient,0.617674123436962,0.24706964937478482,0.14399478397250784,0.10307486540227698,Asia
65,KEN,45801166.912,43254975.222,25952985.1332,28499176.8232,17301990.088800002,0.3777630845529144,0.17,0.8923640945207134,Highly vulnerable,0.944407711382286,0.3777630845529144,0.04066087166250124,0.33710221289041314,Africa
66,KGZ,4269220.0,3679260.0,2207556.0,2797516.0,1471704.0,0.3447243290343435,0.01,0.7475040412135135,Highly vulnerable,0.8618108225858587,0.3447243290343435,0.0870414999765548,0.2576828290577887,Asia
67,KHM,289089012.65000004,282992030.1,169795218.06,175892200.61,113196812.04000002,0.3915638681745659,1.13,0.9584373806421701,Highly vulnerable,0.9789096704364146,0.3915638681745659,0.016274420007218966,0.37528944816734694,Asia
68,KOR,4644760889.0,1580442661.0,948265596.6,4012583824.6,632177064.4000001,0.13610540553274972,6.32,0.24777388566138422,Resilient,0.34026351383187425,0.13610540553274972,0.10238204034438185,0.03372336518836787,Asia
69,KWT,2537039.0,1348253.0,808951.7999999999,1997737.7999999998,539301.2000000002,0.2125711114413299,0.01,0.3064278820886509,Resilient,0.5314277786033246,0.21257111144132984,0.14743339596913255,0.0651377154721973,Asia
70,LBN,75141554.0,72891775.0,43735065.0,45984844.0,29156710.0,0.38802378242004415,0.29,0.9412219696737585,Highly vulnerable,0.9700594560501105,0.3880237824200442,0.022807273650388298,0.3652165087696559,Asia
71,LKA,47540350.222,24066820.022,14440092.0132,37913622.2132,9626728.0088,0.20249594215957392,0.1,0.3879793428468676,Resilient,0.5062398553989348,0.20249594215957392,0.12393169959134512,0.0785642425682288,Asia
72,LSO,741702.558,319356.71,191614.026,613959.874,127742.68400000001,0.1722289920968562,0.0,0.45500120655305915,Resilient,0.43057248024214045,0.1722289920968562,0.09386459288936934,0.07836439920748685,Africa
73,LTU,245799908.0,128926885.0,77356131.0,194229154.0,51570754.0,0.20980786534712617,0.52,0.31524601598517094,Resilient,0.5245196633678154,0.20980786534712617,0.14366677167409145,0.06614109367303472,Europe
74,LUX,47162614.256000005,30095487.78,18057292.668,35124419.14400001,12038195.111999996,0.25524868164975617,0.12,0.437130913477117,Resilient,0.6381217041243906,0.2552486816497563,0.14367159227636847,0.11157708937338781,Europe
75,LVA,157477620.483,44988763.173,26993257.9038,139482115.2138,17995505.269199997,0.11427341366986583,0.18,0.16785713905520258,Resilient,0.28568353417466463,0.11427341366986586,0.0950918053811705,0.019181608288695362,Europe
76,MAC,2812143.8310000002,773342.0390000001,464005.2234000001,2502807.0154000004,309336.81559999986,0.11000035353454858,0.0,0.5545253303881678,Concentrated but safe,0.2750008838363716,0.11000035353454865,0.049002371147987805,0.060997982386560845,Asia
77,MAR,1510669627.467,271030405.976,162618243.5856,1402257465.0765998,108412162.39040017,0.07176430929651982,1.08,0.31801972117933586,Resilient,0.17941077324129928,0.07176430929651971,0.04894184366341289,0.022822465633106817,Africa
78,MDA,102889694.0,95241186.0,57144711.6,64793219.6,38096474.4,0.3702652123739429,0.38,0.8575103832171539,Highly vulnerable,0.9256630309348572,0.37026521237394294,0.052758948219182256,0.3175062641547607,Europe
79,MDG,48203041.863,47383572.177,28430143.3062,29249612.9922,18953428.8708,0.39319985084485704,0.19,0.9663353574037611,Highly vulnerable,0.9829996271121427,0.3931998508448571,0.013236932447586563,0.37996291839727053,Africa
80,MDV,39567432.879,20574395.752,12344637.4512,31337674.578199998,8229758.300800003,0.20799323337369863,0.08,0.4180800632234687,Resilient,0.5199830834342464,0.20799323337369857,0.12103540921476899,0.08695782415892958,Asia
81,MEX,5298398536.0,2398182007.0,1438909204.2,4339125733.2,959272802.8000002,0.18104957493895854,9.59,0.2480834746588277,Resilient,0.45262393734739625,0.1810495749389585,0.13613416730259786,0.04491540763636065,Americas
82,MKD,162677775.46,117109205.58,70265523.34799999,115834093.228,46843682.23200001,0.28795379147238315,0.47,0.5413755097539721,Highly vulnerable,0.7198844786809577,0.2879537914723831,0.1320626608284327,0.15589113064395038,Europe
83,MLT,12166560.333,4523289.59,2713973.7539999997,10357244.497000001,1809315.8359999992,0.1487121903380117,0.02,0.2399578960426815,Resilient,0.37178047584502943,0.14871219033801178,0.11302752602860369,0.03568466430940809,Europe
84,MMR,127298043.246,106453972.386,63872383.431600004,84716454.2916,42581588.9544,0.33450309108139425,0.43,0.72534733029217,Highly vulnerable,0.8362577277034856,0.33450309108139425,0.09187216699102635,0.2426309240903679,Asia
85,MNE,20776784.864,15338311.107,9202986.6642,14641460.4212,6135324.4428,0.29529710602291964,0.06,0.5832105217189124,Highly vulnerable,0.7382427650572991,0.29529710602291964,0.12307672675720768,0.17222037926571196,Europe
86,MOZ,22880094.900000002,19425300.0,11655180.0,15109974.900000002,7770120.0,0.3396017382777551,0.08,0.7261397113509315,Highly vulnerable,0.8490043456943878,0.33960173827775514,0.09300343007047145,0.24659830820728368,Africa
87,MRT,14105733.677,12509785.064,7505871.038399999,9101819.6514,5003914.025599999,0.3547432654112203,0.05,0.7888068034745281,Highly vulnerable,0.8868581635280508,0.35474326541122037,0.07491936416807948,0.2798239012431409,Africa
88,MSR,84043.999,28183.196,16909.9176,72770.7206,11273.278399999996,0.13413543541639417,0.0,0.5056880400149756,Resilient,0.3353385885409855,0.13413543541639422,0.06630474998412249,0.06783068543227173,Americas
89,MUS,11951328.291,8456429.9,5073857.94,8568756.331,3382571.959999999,0.28302895524569094,0.03,0.5201660107377061,China dependent,0.7075723881142276,0.28302895524569105,0.13580691267227918,0.14722204257341187,Africa
90,MWI,8468065.763,6031825.513,3619095.3078,6055335.5578000005,2412730.2051999997,0.28492105195286493,0.02,0.5217578114935191,China dependent,0.7123026298821624,0.284921051952865,0.1362612674375069,0.14865978451535808,Africa
91,MYS,7344147256.688,1618244232.9229999,970946539.7537999,6696849563.518799,647297693.1692009,0.08813789682385993,6.47,0.1456986501658533,Resilient,0.22034474205964952,0.08813789682385981,0.07529632422816619,0.012841572595693615,Asia
92,NAM,78597288.81300001,69570488.491,41742293.0946,50769093.41660001,27828195.396399997,0.3540605002624112,0.28,0.7915444562439594,Highly vulnerable,0.885151250656028,0.3540605002624112,0.07380587410473667,0.28025462615767455,Africa
93,NER,9258162.671,7174189.865,4304513.919,6388486.725,2869675.9460000005,0.3099617114083435,0.03,0.613457132021726,Highly vulnerable,0.7749042785208586,0.3099617114083435,0.11981348889123518,0.19014822251710833,Africa
94,NGA,611950255.598,534631328.868,320778797.32079995,398097724.0508,213852531.54720002,0.34946064584648723,2.14,0.7655309605628151,Highly vulnerable,0.8736516146162179,0.3494606458464872,0.08193770195272411,0.2675229438937631,Africa
95,NIC,10705847.3,10233073.9,6139844.34,6612617.74,4093229.5600000005,0.38233588106566774,0.04,0.9139048493758695,Highly vulnerable,0.9558397026641693,0.38233588106566774,0.03291726526935832,0.3494186157963094,Americas
96,NLD,2523559320.43,1653827132.333,992296279.3998,1862028467.4968,661530852.9331999,0.26214198635143593,6.62,0.4457605215344074,Resilient,0.6553549658785899,0.262141986351436,0.14528943779935438,0.1168525485520816,Europe
97,NOR,118329460.16,30828300.308,18496980.1848,105998140.0368,12331320.1232,0.10421175002848927,0.12,0.1936067274661404,Resilient,0.26052937507122315,0.10421175002848926,0.08403565414195399,0.020176095886535267,Europe
98,NZL,96010390.266,80146647.934,48087988.7604,63951731.0924,32058659.173600003,0.33390822685732674,0.32,0.6991851868671349,Highly vulnerable,0.8347705671433168,0.33390822685732674,0.10044454086561307,0.2334636859917137,Oceania
99,OMN,583133991.2870001,569923328.107,341953996.8642,355164660.04420006,227969331.2428,0.3909381628391488,2.28,0.9555335519122629,Highly vulnerable,0.977345407097872,0.39093816283914884,0.017383631523402342,0.3735545313157465,Asia
100,PAK,2211978310.153,2206044907.029,1323626944.2173998,1329560347.3414,882417962.8116,0.39892704135537577,8.82,0.9946438652258566,Highly vulnerable,0.9973176033884393,0.39892704135537577,0.0021367069985496817,0.3967903343568261,Asia
101,PAN,238886856.0,216858102.0,130114861.19999999,152143615.2,86743240.80000001,0.3631143305766476,0.87,0.8256980888911558,Highly vulnerable,0.9077858264416189,0.36311433057664755,0.06329152177051828,0.29982280880612927,Americas
102,PER,168287584.4,159104363.332,95462617.99919999,104645839.0672,63641745.3328,0.37817255241795483,0.64,0.8943740222960144,Highly vulnerable,0.945431381044887,0.37817255241795483,0.039944845589958235,0.3382277068279966,Americas
103,PHL,1707715246.0,624494592.0,374696755.2,1457917409.2,249797836.79999995,0.1462760477105912,2.5,0.18229087880603032,Resilient,0.36569011927647804,0.14627604771059122,0.11961125842515472,0.026664789285436502,Asia
104,POL,1254039547.0,845074299.0,507044579.4,916009827.4,338029719.6,0.269552679107017,3.38,0.46777181636319026,Resilient,0.6738816977675426,0.269552679107017,0.14346353279556348,0.12608914631145354,Europe
105,PRT,1922202619.091,1370121514.5,822072908.6999999,1374154013.291,548048605.8000002,0.28511489910422116,5.48,0.5292986491620397,China dependent,0.7127872477605527,0.2851148991042211,0.13420396815238564,0.15091093095183547,Europe
106,PRY,3633435.1720000003,3054864.89,1832918.9340000001,2411489.216,1221945.9560000002,0.33630597441687343,0.01,0.7109531010276264,Highly vulnerable,0.8407649360421835,0.33630597441687343,0.09720819901107966,0.23909777540579377,Americas
107,PYF,4092090.9919999996,19854.158,11912.494799999999,4084149.3288,7941.663199999835,0.0019407347528502456,0.0,0.964679496815836,Concentrated but safe,0.0048518368821257145,0.001940734752850286,6.85477280176663e-05,0.0018721870248326197,Oceania
108,QAT,57219629.043000005,55816953.9,33490172.339999996,34892847.483,22326781.560000002,0.3901944478392483,0.22,0.9516587351298199,Highly vulnerable,0.9754861195981206,0.3901944478392483,0.01886249315387077,0.3713319546853775,Asia
109,ROU,1913885542.46,170136432.88,102081859.728,1845830969.3079998,68054573.15200019,0.03555832971313776,0.68,0.2170258329735383,Resilient,0.08889582428284414,0.03555832971313765,0.02784125358799624,0.007717076125141414,Europe
110,SAU,2178285760.21,2092482972.488,1255489783.4928,1341292571.2148001,836993188.9951999,0.38424397950180267,8.37,0.9231348271939003,Highly vulnerable,0.9606099487545068,0.3842439795018027,0.029534979884109507,0.3547089996176932,Asia
111,SEN,26695654.551,21064240.404,12638544.2424,18269958.389399998,8425696.161600001,0.31562051215126996,0.08,0.629068234770611,Highly vulnerable,0.7890512803781748,0.31562051215126996,0.11707367371487439,0.1985468384363956,Africa
112,SGP,5543145189.216,1385199634.796,831119780.8776,4989065335.2976,554079853.9183998,0.09995766573034084,5.54,0.1565690753890768,Resilient,0.24989416432585218,0.09995766573034087,0.08430738642889099,0.015650279301449882,Asia
113,SLV,14540016.34,13331760.1,7999056.06,9207312.3,5332704.039999999,0.3667605259376207,0.05,0.8421809290930515,Highly vulnerable,0.9169013148440519,0.36676052593762076,0.05788180544881908,0.30887872048880166,Americas
114,SRB,273962068.0,166996962.0,100198177.2,207163283.2,66798784.80000001,0.243824940027829,0.67,0.4059380309473408,Resilient,0.6095623500695724,0.24382494002782895,0.1448471239770786,0.09897781605075034,Europe
115,SUR,1160105.171,586903.807,352142.2842,925343.6482,234761.52280000004,0.20236227599747508,0.0,0.32758535038575154,Resilient,0.5059056899936877,0.20236227599747508,0.13607135890998404,0.06629091708749105,Americas
116,SVK,615107532.921,151376892.893,90826135.7358,554556775.7638,60550757.15719998,0.09843930356316524,0.61,0.1722836608747309,Resilient,0.2460982589079132,0.09843930356316528,0.08147981997134422,0.016959483591821062,Europe
117,SVN,327378172.962,190016155.37,114009693.222,251371710.814,76006462.148,0.23216716453733263,0.76,0.37645252493862635,Resilient,0.5804179113433316,0.23216716453733266,0.14476724923941228,0.08739991529792038,Europe
118,SWE,602974507.224,115790497.42,69474298.45199999,556658308.2559999,46316198.968000054,0.07681286424733372,0.46,0.15624351080747909,Resilient,0.19203216061833409,0.07681286424733363,0.06481135266215193,0.012001511585181701,Europe
119,SYC,713432.909,173290.299,103974.1794,644116.7894,69316.11959999998,0.09715856771614102,0.0,0.23367500093746502,Resilient,0.24289641929035263,0.09715856771614106,0.07445503931398904,0.02270352840215202,Africa
120,TGO,5719216.4860000005,2303823.481,1382294.0886000001,4797687.0936,921529.3924000002,0.1611286082028545,0.01,0.3546131092535745,Resilient,0.4028215205071361,0.16112860820285446,0.10399029145833924,0.05713831674451522,Africa
121,THA,5541276594.88,2379104061.56,1427462436.9359999,4589634970.2560005,951641624.6239996,0.17173689281334423,9.52,0.24152322184598257,Resilient,0.4293422320333607,0.17173689281334428,0.13025844515124718,0.0414784476620971,Asia
122,TTO,57591806.201,56032882.077,33619729.246199995,35178653.37019999,22413152.830800004,0.38917259779240665,0.22,0.9470787164472303,Highly vulnerable,0.9729314944810165,0.3891725977924066,0.020595513398739947,0.36857708439366665,Americas
123,TUN,133928337.561,109707305.605,65824383.363,90045415.319,43882922.242,0.32765972490334805,0.44,0.6745022154487583,Highly vulnerable,0.8191493122583702,0.3276597249033481,0.10665251454270912,0.22100721036063897,Africa
124,TUR,1809749802.0,1378934512.0,827360707.1999999,1258175997.1999998,551573804.8000002,0.30477903862204714,5.52,0.5937114072320993,Highly vulnerable,0.7619475965551176,0.304779038622047,0.12382824670690516,0.18095079191514185,Asia
125,TZA,38795071.346999995,36652585.659,21991551.3954,24134037.083399992,14661034.263600003,0.3779097126144023,0.15,0.8929387508212092,Highly vulnerable,0.9447742815360057,0.3779097126144023,0.04045948590929574,0.3374502267051066,Africa
126,UGA,28246025.439999998,26680074.83,16008044.897999998,17573995.507999998,10672029.932,0.37782412802358506,0.11,0.8928257522114685,Highly vulnerable,0.9445603200589626,0.37782412802358506,0.040493016717285536,0.3373311113062995,Africa
127,UKR,331134997.97999996,304133983.81,182480390.28599998,209481404.45599994,121653593.52400002,0.3673836781557826,1.22,0.8449019496936525,Highly vulnerable,0.9184591953894563,0.36738367815578254,0.05698049219633654,0.310403185959446,Europe
128,URY,4070674.0,3189021.0,1913412.5999999999,2795065.5999999996,1275608.4000000004,0.3133654033705476,0.01,0.6179129925154598,Highly vulnerable,0.7834135084263687,0.3133654033705475,0.11973284922303834,0.19363255414750918,Americas
129,USA,22658062062.0,642443853.0,385466311.8,22401084520.8,256977541.20000076,0.011341549886165227,2.57,0.13046823397597965,Resilient,0.028353874715412983,0.011341549886165194,0.00986183790196675,0.0014797119841984448,Americas
130,UZB,348442589.78,344068412.9,206441047.73999998,210815224.61999997,137627365.16,0.39497859675218033,1.38,0.975071579904761,Highly vulnerable,0.9874464918804507,0.39497859675218033,0.00984619238846635,0.385132404363714,Asia
131,WSM,885614.622,875604.052,525362.4312,535373.0011999999,350241.62080000003,0.3954785886541065,0.0,0.9776176172672802,Highly vulnerable,0.9886964716352663,0.39547858865410657,0.008851753133852053,0.3866268355202545,Oceania
132,YEM,31673906.024,30186682.986,18112009.7916,19599232.8296,12074673.194400001,0.38121831848748816,0.12,0.9099807989229876,Highly vulnerable,0.9530457962187203,0.38121831848748816,0.03431696846616577,0.3469013500213224,Asia
133,ZAF,804788859.78,726568547.306,435941128.3836,514161440.8576,290627418.9224,0.361122566982161,2.91,0.8159949792660506,Highly vulnerable,0.9028064174554025,0.361122566982161,0.06644836542504957,0.29467420155711144,Africa
134,ZMB,2303420.491,1325783.717,795470.2302,1773107.0041999999,530313.4868000001,0.23022869201348964,0.01,0.3826127144824498,Resilient,0.575571730033724,0.2302286920134896,0.14214026721046444,0.08808842480302517,Africa
135,ZWE,48249854.003000006,18205790.409,10923474.2454,40967537.83940001,7282316.163599998,0.15092928909478584,0.07,0.2347197062855148,Resilient,0.3773232227369648,0.15092928909478592,0.1155032106885762,0.03542607840620972,Africa
